{"seed": 2024, "N": 8, "w": {"(1, 2)": 2.5, "(1, 3)": 2.5, "(1, 4)": 2.5, "(1, 5)": 3, "(1, 6)": 3, "(1, 7)": 3, "(1, 8)": 3, "(2, 3)": 2.5, "(2, 4)": 2.5, "(2, 5)": 3, "(2, 6)": 3, "(2, 7)": 3, "(2, 8)": 3, "(3, 4)": 2.5, "(3, 5)": 3, "(3, 6)": 3, "(3, 7)": 3, "(3, 8)": 3, "(4, 5)": 3, "(4, 6)": 3, "(4, 7)": 3, "(4, 8)": 3, "(5, 6)": 3, "(5, 7)": 3, "(5, 8)": 3, "(6, 7)": 3, "(6, 8)": 3, "(7, 8)": 3}, "A": [[1, 1, 1, 1, 1, 1, 1, 1], [1, 1, 1, 1, 1, 1, 1, 1], [1, 1, 1, 1, 1, 1, 1, 1], [1, 1, 1, 1, 1, 1, 1, 1], [1, 1, 1, 1, 1, 1, 1, 1], [1, 1, 1, 1, 1, 1, 1, 1], [1, 1, 1, 1, 1, 1, 1, 1], [1, 1, 1, 1, 1, 1, 1, 1]], "sample_args": {"type": "pareto", "params": [1.6666666666666667, 1.6666666666666667, 1.6666666666666667, 1.5, 1.5, 1.5, 1.5, 1.6666666666666667, 1.6666666666666667, 1.5, 1.5, 1.5, 1.5, 1.6666666666666667, 1.5, 1.5, 1.5, 1.5, 1.5, 1.5, 1.5, 1.5, 1.5, 1.5, 1.5, 1.5, 1.5, 1.5]}, "delta_list": [0.1, 0.6, 1.1, 1.6, 2.1, 2.6, 3.1, 3.6], "epsilon": 2.5, "n": 50, "number_of_iterations": 500}